{"accuracy":0.24166666666666667,"true_count":228,"false_count":12,"_wandb":{"runtime":187},"_timestamp":1.73738457442935e+09,"_runtime":187.032037698,"_step":2}