{"_timestamp":1.7373878042955127e+09,"_runtime":109.586617081,"true_count":224,"false_count":16,"_wandb":{"runtime":109},"_step":2,"accuracy":0.25}