{"_step":2,"true_count":1103,"false_count":1,"_wandb":{"runtime":78},"accuracy":0.5307971014492754,"_timestamp":1.737398988796701e+09,"_runtime":78.751697112}