{"_runtime":16.624337365,"_step":2,"true_count":235,"false_count":5,"_wandb":{"runtime":16},"accuracy":0.2708333333333333,"_timestamp":1.7380297082857275e+09}