{"_step":2,"true_count":230,"false_count":10,"_wandb":{"runtime":19},"accuracy":0.26666666666666666,"_timestamp":1.7373824554232318e+09,"_runtime":19.151563204}