{"true_count":921,"false_count":624,"_wandb":{"runtime":113},"accuracy":0.4401294498381877,"_timestamp":1.7387003681450484e+09,"_runtime":113.456380812,"_step":2}