{"true_count":3,"false_count":1101,"_wandb":{"runtime":101},"accuracy":0.4673913043478261,"_timestamp":1.7374040330625167e+09,"_runtime":101.984032996,"_step":2}