{"_runtime":9.764009648,"true_count":199,"false_count":41,"_wandb":{"runtime":9},"_step":2,"accuracy":0.2625,"_timestamp":1.7374192641649961e+09}