{"_step":2,"accuracy":0.7203883495145631,"_timestamp":1.7386998289172106e+09,"true_count":142,"false_count":1403,"_wandb":{"runtime":86},"_runtime":86.436661558}