{"false_count":0,"_wandb":{"runtime":27},"_step":2,"accuracy":0.0763888888888889,"_timestamp":1.7380253790237978e+09,"_runtime":27.109968699,"true_count":288}