{"_runtime":58.552658778,"_step":2,"accuracy":0.4746376811594203,"_timestamp":1.738029977880463e+09,"true_count":989,"false_count":115,"_wandb":{"runtime":58}}