{"false_count":582,"_wandb":{"runtime":78},"accuracy":0.4338768115942029,"_timestamp":1.7374043319198236e+09,"_runtime":78.885308137,"_step":2,"true_count":522}