{"_timestamp":1.7373821202953894e+09,"_runtime":47.301418343,"_step":2,"true_count":694,"false_count":410,"_wandb":{"runtime":47},"accuracy":0.5190217391304348}