{"accuracy":0.24583333333333332,"true_count":221,"false_count":19,"_wandb":{"runtime":19},"_timestamp":1.7374182486923335e+09,"_runtime":19.350746713,"_step":2}