{"_runtime":79.752407624,"_step":2,"true_count":1102,"false_count":2,"_wandb":{"runtime":79},"accuracy":0.5317028985507246,"_timestamp":1.7373990924502635e+09}