{"_wandb":{"runtime":8},"accuracy":0.6125,"_timestamp":1.737418300960888e+09,"_runtime":8.783283963,"_step":2,"true_count":63,"false_count":177}