{"_timestamp":1.737382193911677e+09,"true_count":680,"false_count":424,"_wandb":{"runtime":48},"_runtime":48.938899801,"_step":2,"accuracy":0.4990942028985507}