{"_step":2,"true_count":891,"false_count":213,"_wandb":{"runtime":68},"accuracy":0.4420289855072464,"_timestamp":1.7387019215966818e+09,"_runtime":68.407127853}