{"_wandb":{"runtime":192},"_runtime":192.582425196,"_step":2,"accuracy":0.2708333333333333,"_timestamp":1.737384839667626e+09,"true_count":219,"false_count":21}