{"true_count":1066,"false_count":38,"_wandb":{"runtime":926},"accuracy":0.4990942028985507,"_timestamp":1.737329001601559e+09,"_runtime":926.524210618,"_step":2}