{"_step":2,"accuracy":0.26666666666666666,"_timestamp":1.7380211209320269e+09,"true_count":240,"false_count":0,"_wandb":{"runtime":17},"_runtime":17.737369443}