{"accuracy":0.0763888888888889,"_timestamp":1.7380253048227887e+09,"_runtime":12.690599305,"_step":2,"true_count":288,"false_count":0,"_wandb":{"runtime":12}}