{"true_count":1435,"false_count":110,"_wandb":{"runtime":79},"accuracy":0.16828478964401294,"_timestamp":1.7387001669178047e+09,"_runtime":79.909426924,"_step":2}