{"_runtime":9.762135477,"true_count":231,"false_count":9,"_wandb":{"runtime":9},"_step":2,"accuracy":0.25416666666666665,"_timestamp":1.7374191283456311e+09}