{"_timestamp":1.7373855710573988e+09,"_runtime":812.52190726,"_step":2,"true_count":1096,"false_count":8,"_wandb":{"runtime":812},"accuracy":0.5371376811594203}