{"true_count":1102,"false_count":2,"_wandb":{"runtime":80},"_timestamp":1.7373990600871325e+09,"_runtime":80.534686145,"_step":2,"accuracy":0.5317028985507246}