{"true_count":1040,"false_count":64,"_wandb":{"runtime":633},"accuracy":0.5679347826086957,"_timestamp":1.737386470109564e+09,"_runtime":633.952538308,"_step":2}