{"_step":2,"true_count":136,"false_count":104,"_wandb":{"runtime":12},"accuracy":0.43333333333333335,"_timestamp":1.7374186354543393e+09,"_runtime":12.190578903}