{"false_count":152,"_wandb":{"runtime":10},"accuracy":0.5333333333333333,"_timestamp":1.7380296584336307e+09,"_runtime":10.436738753,"_step":2,"true_count":88}