{"accuracy":0.2833333333333333,"_timestamp":1.7373873975744338e+09,"_runtime":108.696585932,"_step":2,"true_count":214,"false_count":26,"_wandb":{"runtime":108}}