{"accuracy":0.5307971014492754,"_timestamp":1.7373995036414888e+09,"_runtime":77.769556195,"true_count":1103,"false_count":1,"_wandb":{"runtime":77},"_step":2}