{"_timestamp":1.7374185529083633e+09,"true_count":185,"false_count":55,"_wandb":{"runtime":12},"_runtime":12.32546453,"_step":2,"accuracy":0.3458333333333333}