{"_runtime":51.591090514,"_step":2,"true_count":64,"false_count":1040,"_wandb":{"runtime":51},"accuracy":0.45561594202898553,"_timestamp":1.7380298876043406e+09}