{"_timestamp":1.7374041247732997e+09,"_runtime":82.745618313,"_step":2,"true_count":958,"false_count":146,"_wandb":{"runtime":82},"accuracy":0.4882246376811594}