{"accuracy":0.5208333333333334,"true_count":1094,"false_count":10,"_wandb":{"runtime":861},"_timestamp":1.7373301509867187e+09,"_runtime":861.541659501,"_step":2}