{"accuracy":0.5126811594202898,"_timestamp":1.7374193148056452e+09,"true_count":1069,"false_count":35,"_wandb":{"runtime":46},"_runtime":46.273031496,"_step":2}