{"_step":2,"true_count":1073,"false_count":31,"_wandb":{"runtime":590},"accuracy":0.5036231884057971,"_timestamp":1.7373288862054088e+09,"_runtime":590.479405716}