{"true_count":684,"false_count":420,"_wandb":{"runtime":100},"accuracy":0.41757246376811596,"_timestamp":1.7374040180945764e+09,"_runtime":100.894130042,"_step":2}