{"_wandb":{"runtime":422},"_timestamp":1.7373267863470159e+09,"_runtime":422.078329257,"_step":0,"accuracy":0.5090579710144928}