{"_step":2,"accuracy":0.25416666666666665,"true_count":231,"false_count":9,"_wandb":{"runtime":11},"_timestamp":1.7380216775627835e+09,"_runtime":11.321177195}