{"accuracy":0.2916666666666667,"_timestamp":1.7373871264018803e+09,"_runtime":111.415612328,"_step":2,"true_count":214,"false_count":26,"_wandb":{"runtime":111}}