{"_step":2,"accuracy":0.6597222222222222,"true_count":98,"false_count":190,"_wandb":{"runtime":17},"_timestamp":1.7380238747946184e+09,"_runtime":17.395077576}