{"_timestamp":1.7374041261260405e+09,"_runtime":63.771079285,"true_count":69,"false_count":1035,"_wandb":{"runtime":63},"_step":2,"accuracy":0.4492753623188406}