{"_runtime":642.811171005,"_step":2,"accuracy":0.5534420289855072,"true_count":1076,"false_count":28,"_wandb":{"runtime":642},"_timestamp":1.7373855039943457e+09}