{"_runtime":19.481500731,"_step":2,"true_count":81,"false_count":207,"_wandb":{"runtime":19},"accuracy":0.7048611111111112,"_timestamp":1.738025443926832e+09}