{"_runtime":8.858032085,"_step":2,"true_count":31,"false_count":209,"_wandb":{"runtime":8},"accuracy":0.6958333333333333,"_timestamp":1.7374183278584719e+09}