{"false_count":83,"_wandb":{"runtime":15},"accuracy":0.37083333333333335,"_timestamp":1.737382395884905e+09,"_runtime":15.955585518,"_step":2,"true_count":157}