{"accuracy":0.49818840579710144,"_timestamp":1.7373299497127008e+09,"_runtime":651.202294509,"true_count":1063,"false_count":41,"_wandb":{"runtime":651},"_step":2}