{"_wandb":{"runtime":626},"_step":2,"accuracy":0.5597826086956522,"_timestamp":1.7373861552260964e+09,"_runtime":626.557147955,"true_count":1055,"false_count":49}