{"_timestamp":1.738699656997054e+09,"_runtime":95.265325405,"true_count":324,"false_count":1221,"_wandb":{"runtime":95},"_step":2,"accuracy":0.6737864077669903}