{"_wandb":{"runtime":13},"_runtime":13.915415302,"_step":2,"accuracy":0.4666666666666667,"_timestamp":1.737418595956038e+09,"true_count":126,"false_count":114}