{"false_count":392,"_wandb":{"runtime":57},"accuracy":0.4447463768115942,"_timestamp":1.7380209664262292e+09,"_runtime":57.276499731,"_step":2,"true_count":712}