{"accuracy":0.6597222222222222,"_timestamp":1.7380251618622847e+09,"true_count":98,"false_count":190,"_wandb":{"runtime":11},"_runtime":11.684583507,"_step":2}