{"_timestamp":1.7374040443461254e+09,"_runtime":33.130462089,"_step":2,"accuracy":0.42481884057971014,"true_count":500,"false_count":604,"_wandb":{"runtime":33}}