{"_wandb":{"runtime":630},"accuracy":0.5135869565217391,"_timestamp":1.7373258573603396e+09,"_runtime":630.243683239,"_step":0}