{"false_count":14,"_wandb":{"runtime":17},"accuracy":0.25,"_timestamp":1.7374183458416665e+09,"_runtime":17.803022961,"_step":2,"true_count":226}