{"_runtime":11.605979142,"_step":2,"true_count":163,"false_count":77,"_wandb":{"runtime":11},"accuracy":0.37916666666666665,"_timestamp":1.7374665171161726e+09}