{"_timestamp":1.7380182756003287e+09,"_runtime":11.845652431,"_step":2,"true_count":192,"false_count":48,"_wandb":{"runtime":11},"accuracy":0.31666666666666665}