{"accuracy":0.25,"true_count":228,"false_count":12,"_wandb":{"runtime":18},"_timestamp":1.7374183962300124e+09,"_runtime":18.312722607,"_step":2}