{"false_count":108,"_wandb":{"runtime":17},"accuracy":0.4083333333333333,"_timestamp":1.7387039424932945e+09,"_runtime":17.616655013,"_step":2,"true_count":132}