{"_step":2,"true_count":331,"false_count":773,"_wandb":{"runtime":106},"accuracy":0.3894927536231884,"_timestamp":1.7374041635318234e+09,"_runtime":106.268953978}