{"accuracy":0.5307971014492754,"_timestamp":1.7373991659609559e+09,"_runtime":78.47564915,"_step":2,"true_count":1103,"false_count":1,"_wandb":{"runtime":78}}