{"_timestamp":1.7374658705169215e+09,"_runtime":38.08604434,"_step":2,"true_count":520,"false_count":584,"_wandb":{"runtime":38},"accuracy":0.4266304347826087}