{"accuracy":0.5271739130434783,"_timestamp":1.7373818718450453e+09,"_runtime":89.261262475,"_step":2,"true_count":1093,"false_count":11,"_wandb":{"runtime":89}}