{"_step":2,"true_count":1531,"false_count":14,"_wandb":{"runtime":126},"accuracy":0.12427184466019417,"_timestamp":1.7386998515502355e+09,"_runtime":126.167492177}