{"false_count":589,"_wandb":{"runtime":39},"_timestamp":1.7374660524492655e+09,"_runtime":39.169864383,"_step":2,"accuracy":0.48007246376811596,"true_count":515}