{"false_count":253,"_wandb":{"runtime":15},"accuracy":0.8298611111111112,"_timestamp":1.73802599776969e+09,"_runtime":15.504692188,"_step":2,"true_count":35}