{"_runtime":9.993030075,"_step":2,"true_count":67,"false_count":173,"_wandb":{"runtime":9},"accuracy":0.6125,"_timestamp":1.738021271382935e+09}