{"false_count":213,"_wandb":{"runtime":68},"accuracy":0.4420289855072464,"_timestamp":1.7387011317453773e+09,"_runtime":68.350711612,"_step":2,"true_count":891}