{"_step":2,"true_count":384,"false_count":720,"_wandb":{"runtime":40},"accuracy":0.4682971014492754,"_timestamp":1.7374659894916224e+09,"_runtime":40.280638214}