{"_runtime":651.442434758,"_step":2,"true_count":1090,"false_count":14,"_wandb":{"runtime":651},"accuracy":0.5190217391304348,"_timestamp":1.7373311756459706e+09}