{"_timestamp":1.738021715270948e+09,"_runtime":48.473520982,"_step":2,"true_count":1103,"false_count":1,"_wandb":{"runtime":48},"accuracy":0.5289855072463768}