{"_runtime":61.254640252,"true_count":993,"false_count":111,"_wandb":{"runtime":61},"_step":2,"accuracy":0.4945652173913043,"_timestamp":1.7387035592568948e+09}