{"false_count":392,"_wandb":{"runtime":52},"accuracy":0.4447463768115942,"_timestamp":1.7374659244786108e+09,"_runtime":52.884262965,"_step":2,"true_count":712}