{"_step":2,"accuracy":0.519927536231884,"_timestamp":1.7373829350764062e+09,"true_count":863,"false_count":241,"_wandb":{"runtime":45},"_runtime":45.839326797}