{"true_count":224,"false_count":16,"_wandb":{"runtime":229},"accuracy":0.25,"_timestamp":1.737384134110192e+09,"_runtime":229.782920476,"_step":2}