{"_runtime":15.808251575,"true_count":206,"false_count":34,"_wandb":{"runtime":15},"_step":2,"accuracy":0.275,"_timestamp":1.7373834009022014e+09}