{"_step":2,"accuracy":0.4057971014492754,"true_count":163,"false_count":941,"_wandb":{"runtime":92},"_timestamp":1.7380298020442164e+09,"_runtime":92.313232963}