{"false_count":105,"_wandb":{"runtime":15},"accuracy":0.4625,"_timestamp":1.7380687936299887e+09,"_runtime":15.382026727,"_step":2,"true_count":135}