{"_wandb":{"runtime":106},"accuracy":0.3,"_timestamp":1.737387258527181e+09,"_runtime":106.289642167,"_step":2,"true_count":208,"false_count":32}