{"_timestamp":1.737386834227423e+09,"_runtime":653.905387527,"true_count":1070,"false_count":34,"_wandb":{"runtime":653},"_step":2,"accuracy":0.5480072463768116}