{"_step":2,"true_count":1077,"false_count":27,"_wandb":{"runtime":46},"accuracy":0.5126811594202898,"_timestamp":1.7374191620793712e+09,"_runtime":46.060308273}