{"_runtime":61.914281635,"_step":2,"true_count":129,"false_count":1416,"_wandb":{"runtime":61},"accuracy":0.7055016181229773,"_timestamp":1.7387010088615158e+09}