{"true_count":76,"false_count":164,"_wandb":{"runtime":9},"accuracy":0.5666666666666667,"_timestamp":1.7374183552212079e+09,"_runtime":9.19169799,"_step":2}