{"_step":2,"true_count":148,"false_count":956,"_wandb":{"runtime":64},"accuracy":0.4429347826086957,"_timestamp":1.7374039922883642e+09,"_runtime":64.250546806}