{"_step":2,"accuracy":0.5307971014492754,"true_count":1103,"false_count":1,"_wandb":{"runtime":81},"_timestamp":1.7373989539884624e+09,"_runtime":81.072815828}