{"_timestamp":1.737404227703922e+09,"_runtime":79.609739594,"_step":2,"accuracy":0.4311594202898551,"true_count":375,"false_count":729,"_wandb":{"runtime":79}}