{"false_count":86,"_wandb":{"runtime":12},"accuracy":0.4,"_timestamp":1.7380209208535168e+09,"_runtime":12.707562596,"_step":2,"true_count":154}