{"accuracy":0.24583333333333332,"_timestamp":1.7374192372522671e+09,"_runtime":9.669442341,"_step":2,"true_count":215,"false_count":25,"_wandb":{"runtime":9}}