{"false_count":1102,"_wandb":{"runtime":104},"_timestamp":1.7374037748681943e+09,"_runtime":104.827732099,"_step":2,"accuracy":0.4682971014492754,"true_count":2}