{"_step":2,"true_count":404,"false_count":1141,"_wandb":{"runtime":95},"accuracy":0.6854368932038835,"_timestamp":1.7386990361035383e+09,"_runtime":95.556383024}