{"_runtime":9.291492594,"_step":2,"true_count":78,"false_count":162,"_wandb":{"runtime":9},"accuracy":0.5833333333333334,"_timestamp":1.7373836292880392e+09}