{"false_count":117,"_wandb":{"runtime":47},"accuracy":0.5163043478260869,"_timestamp":1.737382863603493e+09,"_runtime":47.135301941,"_step":2,"true_count":987}