{"true_count":52,"false_count":188,"_wandb":{"runtime":9},"accuracy":0.6333333333333333,"_timestamp":1.738029746397407e+09,"_runtime":9.014656334,"_step":2}