{"false_count":32,"_wandb":{"runtime":51},"accuracy":0.509963768115942,"_timestamp":1.7374192342229087e+09,"_runtime":51.765984778,"_step":2,"true_count":1072}