{"true_count":1103,"false_count":1,"_wandb":{"runtime":83},"accuracy":0.5307971014492754,"_timestamp":1.738021187067791e+09,"_runtime":83.645445161,"_step":2}