{"_runtime":35.91407037,"_step":2,"true_count":500,"false_count":604,"_wandb":{"runtime":35},"accuracy":0.42481884057971014,"_timestamp":1.737465928203808e+09}