{"_timestamp":1.7374042136512086e+09,"_runtime":69.265157378,"_step":2,"true_count":454,"false_count":650,"_wandb":{"runtime":69},"accuracy":0.3125}