{"false_count":1,"_wandb":{"runtime":79},"_runtime":79.349818631,"_step":2,"accuracy":0.5307971014492754,"_timestamp":1.7373994008764935e+09,"true_count":1103}