{"false_count":24,"_wandb":{"runtime":188},"accuracy":0.275,"_timestamp":1.737384617719649e+09,"_runtime":188.720994165,"_step":2,"true_count":216}