{"accuracy":0.5307971014492754,"_timestamp":1.7373993795601485e+09,"_runtime":80.081810602,"true_count":1103,"false_count":1,"_wandb":{"runtime":80},"_step":2}