{"_wandb":{"runtime":78},"accuracy":0.5307971014492754,"_timestamp":1.7373991944657192e+09,"_runtime":78.157687888,"_step":2,"true_count":1103,"false_count":1}