{"false_count":22,"_wandb":{"runtime":10},"accuracy":0.24166666666666667,"_timestamp":1.7374191831387043e+09,"_runtime":10.748656518,"_step":2,"true_count":218}