{"_step":2,"true_count":1044,"false_count":60,"_wandb":{"runtime":46},"accuracy":0.5063405797101449,"_timestamp":1.73741938309636e+09,"_runtime":46.476222728}