{"_step":2,"true_count":253,"false_count":35,"_wandb":{"runtime":19},"accuracy":0.19791666666666666,"_timestamp":1.7380252176588166e+09,"_runtime":19.808072097}