{"accuracy":0.529891304347826,"_timestamp":1.7373345898880675e+09,"_runtime":881.550790629,"_step":2,"true_count":1104,"false_count":0,"_wandb":{"runtime":881}}