{"_timestamp":1.7374191548569427e+09,"_runtime":9.588605161,"_step":2,"true_count":213,"false_count":27,"_wandb":{"runtime":9},"accuracy":0.24583333333333332}