{"true_count":211,"false_count":29,"_wandb":{"runtime":106},"_runtime":106.229306869,"_step":2,"accuracy":0.2875,"_timestamp":1.7373875294206228e+09}