{"_runtime":19.193098287,"true_count":227,"false_count":13,"_wandb":{"runtime":19},"_step":2,"accuracy":0.25416666666666665,"_timestamp":1.7373823303275406e+09}