{"_step":2,"true_count":67,"false_count":173,"_wandb":{"runtime":9},"accuracy":0.6125,"_timestamp":1.7373836641580474e+09,"_runtime":9.425556629}