{"accuracy":0.5307971014492754,"_timestamp":1.7373992737901914e+09,"_runtime":81.679939477,"_step":2,"true_count":1103,"false_count":1,"_wandb":{"runtime":81}}