{"_runtime":13.264465625,"_step":2,"true_count":109,"false_count":179,"_wandb":{"runtime":13},"accuracy":0.6354166666666666,"_timestamp":1.7380256928398163e+09}