{"_wandb":{"runtime":192},"accuracy":0.2625,"_timestamp":1.7373843025433035e+09,"_runtime":192.2759222,"_step":2,"true_count":207,"false_count":33}