{"_wandb":{"runtime":67},"accuracy":0.4311594202898551,"_timestamp":1.738029682583638e+09,"_runtime":67.400682832,"_step":2,"true_count":429,"false_count":675}