{"_step":2,"accuracy":0.26472491909385115,"_timestamp":1.7387008639132607e+09,"true_count":1534,"false_count":11,"_wandb":{"runtime":125},"_runtime":125.00851748}