{"false_count":12,"_wandb":{"runtime":65},"_timestamp":1.737466012000405e+09,"_runtime":65.971317069,"_step":2,"accuracy":0.5226449275362319,"true_count":1092}