{"_wandb":{"runtime":8},"_timestamp":1.7373833372833724e+09,"_runtime":8.611020492,"_step":2,"accuracy":0.5041666666666667,"true_count":97,"false_count":143}