{"_wandb":{"runtime":634},"_runtime":634.419489104,"_step":2,"accuracy":0.5706521739130435,"_timestamp":1.7373858123739638e+09,"true_count":1045,"false_count":59}