{"true_count":707,"false_count":397,"_wandb":{"runtime":74},"_timestamp":1.7373816929008808e+09,"_runtime":74.560177199,"_step":2,"accuracy":0.45471014492753625}