{"true_count":1056,"false_count":48,"_wandb":{"runtime":79},"accuracy":0.509963768115942,"_timestamp":1.7387006260234547e+09,"_runtime":79.528630681,"_step":2}