{"_step":2,"true_count":212,"false_count":28,"_wandb":{"runtime":18},"accuracy":0.26666666666666666,"_timestamp":1.737418298859604e+09,"_runtime":18.266484249}