{"_step":2,"true_count":152,"false_count":1393,"_wandb":{"runtime":60},"accuracy":0.8122977346278317,"_timestamp":1.7387000025793853e+09,"_runtime":60.064804745}