{"_step":2,"true_count":224,"false_count":1321,"_wandb":{"runtime":63},"accuracy":0.6919093851132686,"_timestamp":1.7387016501465886e+09,"_runtime":63.280972866}