{"_runtime":52.519167521,"_step":2,"true_count":100,"false_count":1445,"_wandb":{"runtime":52},"accuracy":0.8472491909385114,"_timestamp":1.738700506560868e+09}