{"true_count":936,"false_count":168,"_wandb":{"runtime":54},"accuracy":0.4447463768115942,"_timestamp":1.7374658492119007e+09,"_runtime":54.01153502,"_step":2}