{"_timestamp":1.7380260463327115e+09,"_runtime":15.489818845,"_step":2,"true_count":40,"false_count":248,"_wandb":{"runtime":15},"accuracy":0.8194444444444444}