{"_timestamp":1.7373280623887453e+09,"_wandb":{"runtime":626},"_runtime":626.689355708,"_step":0,"accuracy":0.5625}