{"false_count":1280,"_wandb":{"runtime":62},"_runtime":62.28071284,"_step":2,"accuracy":0.7572815533980582,"_timestamp":1.7387006528159392e+09,"true_count":265}