{"_step":2,"true_count":825,"false_count":720,"_wandb":{"runtime":114},"accuracy":0.5307443365695793,"_timestamp":1.7387013684600122e+09,"_runtime":114.408783084}