{"_runtime":887.421730067,"_step":2,"accuracy":0.5280797101449275,"true_count":1102,"false_count":2,"_wandb":{"runtime":887},"_timestamp":1.7373335637567844e+09}