{"false_count":17,"_wandb":{"runtime":202},"_step":2,"accuracy":0.25416666666666665,"_timestamp":1.7373840197792509e+09,"_runtime":202.838769122,"true_count":223}