{"_runtime":106.757888636,"_step":2,"true_count":453,"false_count":651,"_wandb":{"runtime":106},"accuracy":0.39311594202898553,"_timestamp":1.7374039069209535e+09}