{"false_count":467,"_wandb":{"runtime":45},"accuracy":0.532608695652174,"_timestamp":1.7373820485080442e+09,"_runtime":45.523256647,"_step":2,"true_count":637}