{"_step":2,"true_count":181,"false_count":1364,"_wandb":{"runtime":84},"accuracy":0.8116504854368932,"_timestamp":1.738699425064188e+09,"_runtime":84.212234172}