{"true_count":40,"false_count":200,"_wandb":{"runtime":9},"accuracy":0.675,"_timestamp":1.7374182734410138e+09,"_runtime":9.30523089,"_step":2}