{"_timestamp":1.7380693824003518e+09,"_runtime":65.015666657,"_step":2,"true_count":751,"false_count":353,"_wandb":{"runtime":65},"accuracy":0.5072463768115942}