{"_runtime":53.689524351,"_step":2,"true_count":89,"false_count":1456,"_wandb":{"runtime":53},"accuracy":0.7352750809061489,"_timestamp":1.7387015054321475e+09}