{"accuracy":0.5375,"_timestamp":1.7373833720045457e+09,"true_count":81,"false_count":159,"_wandb":{"runtime":9},"_runtime":9.125866075,"_step":2}