{"_wandb":{"runtime":10},"_timestamp":1.7380252607463386e+09,"_runtime":10.500867649,"_step":2,"accuracy":0.7916666666666666,"true_count":50,"false_count":238}