{"_wandb":{"runtime":79},"accuracy":0.3275080906148867,"_timestamp":1.7387011689372492e+09,"_runtime":79.512975339,"_step":2,"true_count":1397,"false_count":148}