{"accuracy":0.4682971014492754,"_timestamp":1.7380213051128647e+09,"_runtime":43.720870942,"_step":2,"true_count":384,"false_count":720,"_wandb":{"runtime":43}}