{"false_count":64,"_wandb":{"runtime":635},"accuracy":0.5679347826086957,"_timestamp":1.737381965930364e+09,"_runtime":635.003455049,"_step":2,"true_count":1040}