{"_runtime":698.181787791,"_step":2,"true_count":1104,"false_count":0,"_wandb":{"runtime":698},"accuracy":0.529891304347826,"_timestamp":1.737334505068216e+09}