{"_wandb":{"runtime":46},"accuracy":0.5289855072463768,"_timestamp":1.7374190952927248e+09,"_runtime":46.865853514,"_step":2,"true_count":1103,"false_count":1}