{"false_count":65,"_wandb":{"runtime":9},"_timestamp":1.7380297850994716e+09,"_runtime":9.775824445,"_step":2,"accuracy":0.3458333333333333,"true_count":175}