{"accuracy":0.529891304347826,"_timestamp":1.7373271298752048e+09,"_runtime":1366.694455705,"_step":0,"_wandb":{"runtime":1366}}