{"_step":2,"accuracy":0.26666666666666666,"_timestamp":1.7373876677346158e+09,"_runtime":112.211284194,"true_count":220,"false_count":20,"_wandb":{"runtime":112}}