{"false_count":38,"_wandb":{"runtime":9},"accuracy":0.26666666666666666,"_timestamp":1.7374192103159373e+09,"_runtime":9.423519207,"_step":2,"true_count":202}