{"_wandb":{"runtime":11},"_runtime":11.7131142,"_step":2,"accuracy":0.37916666666666665,"_timestamp":1.73741851242588e+09,"true_count":163,"false_count":77}