{"accuracy":0.5307971014492754,"_timestamp":1.7373992979820602e+09,"_runtime":80.261303438,"true_count":1103,"false_count":1,"_wandb":{"runtime":80},"_step":2}