{"_runtime":11.797027731,"_step":2,"accuracy":0.3333333333333333,"true_count":178,"false_count":62,"_wandb":{"runtime":11},"_timestamp":1.7374666886050482e+09}